Tree,Asset 1,Asset 2,Family,Kendall's Tau,DF
1,NTC,REM,student,0.271,7.194211105224657
1,REM,NTC,student,0.2485,6.411739154908226
1,MTM,SLM,student,0.0672,13.796534611788797
1,DSY,SLM,student,0.1772,8.637995298501366
1,FSR,SLM,student,0.2788,5.046253350081317
1,NED,INL,student,0.0385,16.88334850776387
1,GND,INL,student,0.0532,9.095029946055478
1,NED,PPC,student,0.1329,6.89256823994341
1,INL,NED,student,0.1588,6.9870445310603415
1,PPC,NED,student,0.0541,13.696924496257136
1,REM,NTC,student,0.1521,7.9946112459258964
1,REM,FSR,student,0.2717,6.408810400577902
1,SLM,MTM,student,0.1888,7.433472603685911
1,SLM,DSY,student,0.3553,5.383960839854393
1,INL,NED,student,0.1487,7.362947254282367
1,ANG,AGL,student,0.5776,4.866054543217726
1,AGL,INP,student,0.1606,4.603635461143348
1,INP,AGL,student,0.1398,5.121930897763473
1,INP,INL,student,0.2716,5.4801185090901265
1,INL,NPN,student,0.7867,4.9999374803260626
1,NED,INL,student,0.1602,6.398465524373405
1,FSR,SLM,student,0.3984,4.314427939263915
1,INL,NED,student,0.2128,8.52211501231903
1,VOD,MTN,student,0.2811,4.930590510205883
1,MTN,FSR,student,0.3049,5.414476155653718
1,FSR,SLM,student,0.1074,10.803911137912756
1,FSR,SLM,student,0.3043,4.881509679519475
1,SLM,FSR,student,0.3786,3.5469001795267388
1,FSR,REM,student,0.3745,5.644362668448338
1,FSR,SLM,student,0.4196,4.814500891222772
1,FSR,SBK,student,0.4283,4.5917869805855895
1,NED,SBK,student,0.3502,5.286705840918345
1,SBK,NED,student,0.5361,4.713869932754903
1,SBK,ABG,student,0.5361,4.919435858925952
1,TFG,SBK,student,0.0496,11.811838948332527
1,WBO,ABG,student,0.0932,19.218437015535788
1,TFG,MRP,student,0.0667,19.87053091918176
1,ABG,SBK,student,0.1511,8.804597807065408
1,SBK,TFG,student,0.2038,7.691288920051629
1,SBK,TFG,student,0.5267,4.239436653212894
1,MRP,TFG,student,0.292,6.84008147276242
1,TFG,MRP,student,0.3376,6.539405267249695
1,TFG,TRU,student,0.4326,5.375023610832003
1,EMN,EMH,student,0.0424,13.898327403106686
1,SHP,PIK,gaussian,0.0344,
1,EMH,ACT,student,0.1047,4.111601400304066
1,PIK,SHP,student,0.0747,10.664326264361902
1,ACT,TRU,gaussian,0.0467,
1,SHP,SPP,student,0.2957,10.335434306767755
1,TRU,WHL,gaussian,0.0414,
1,SHP,WHL,student,0.3173,7.7189904300648715
1,TRU,WHL,student,0.4806,8.16785563226424
1,WHL,TRU,student,0.3137,5.988512519707868
1,WHL,TRU,student,0.3922,5.78376624440124
2,REM,APN,student,0.1196,15.007611602546126
2,NTC,FSR,student,0.1254,12.329223550995463
2,SLM,DSY,student,0.0184,14.179932658020057
2,SLM,MTM,student,0.1029,10.605187845121312
2,SLM,SBK,student,0.1145,9.157951784871626
2,INL,GND,gaussian,0.0135,
2,INL,NED,student,0.0127,16.063518405172857
2,PPC,INL,gaussian,0.0695,
2,NED,PPC,student,0.0764,8.62158111899896
2,NED,INL,student,0.0287,18.24395478791214
2,NTC,FSR,student,0.0678,10.171163690019268
2,FSR,BVT,student,0.119,8.772293342524545
2,MTM,DSY,student,0.0847,11.203615409292954
2,DSY,FSR,student,0.1782,9.40604812940911
2,NED,PPC,student,0.0643,12.137222714832774
2,AGL,INP,student,0.0497,7.811924780196062
2,INP,INL,student,-0.0655,7.137001459572493
2,AGL,INL,student,0.0264,13.110521600693204
2,INL,NPN,student,0.029,14.974309050650708
2,NPN,NED,student,0.0206,19.614654893325834
2,INL,NPN,student,0.0848,12.215631964455406
2,SLM,DSY,student,0.1857,6.1647871896569955
2,NED,SBK,student,0.0969,9.09413001195258
2,MTN,FSR,student,0.1235,15.931099071415668
2,FSR,SLM,student,0.161,8.207347555052793
2,SLM,MTN,student,0.0328,19.82050299762572
2,SLM,REM,student,0.145,7.262782406342844
2,FSR,REM,student,0.1577,7.096418500059393
2,REM,SLM,student,0.1987,8.78233170163665
2,SLM,SBK,student,0.2082,8.151076691590058
2,SBK,NED,student,0.1856,7.016173186352656
2,SBK,FSR,student,0.1488,9.72350341407025
2,NED,ABG,student,0.2354,6.28421953888437
2,ABG,TFG,student,0.2307,5.970548758509284
2,SBK,RLO,student,0.0222,14.851279872585664
2,ABG,SBK,student,0.0646,10.002541041950769
2,MRP,TRU,gaussian,0.0278,
2,SBK,TFG,gaussian,0.0376,
2,TFG,ABG,student,0.1067,14.248360919998875
2,TFG,MRP,student,0.1391,9.19303079804875
2,TFG,SBK,student,0.1489,9.503605032819928
2,MRP,TRU,student,0.1562,11.713944994757371
2,TRU,WHL,student,0.2049,9.584750179247347
2,EMH,ACT,student,0.0202,13.613572124387817
2,PIK,AFT,gaussian,-0.0089,
2,ACT,TRU,gaussian,0.0006,
2,SHP,SPP,gaussian,0.017,
2,TRU,WHL,gaussian,0.0073,
2,SPP,WHL,student,0.1861,9.645054824729426
2,WHL,TFG,gaussian,0.0106,
2,WHL,TRU,student,0.152,12.23775221428677
2,WHL,SHP,student,0.1867,9.491995536796713
2,TRU,SHP,student,0.1463,7.474244152115114
3,APN,FSR,gaussian,0.0732,
3,FSR,BVT,student,0.0755,10.617709752706391
3,DSY,SNT,gaussian,0.0193,
3,MTM,SPG,student,0.0728,12.715444070941732
3,SBK,REM,student,0.0885,11.902311011899656
3,GND,CAT,gaussian,0.0234,
3,NED,PPC,gaussian,0.0193,
3,INL,GND,student,0.0425,13.144291425394849
3,PPC,DTC,student,0.0717,8.224147097817918
3,INL,NPN,student,0.0106,15.093068109605607
3,FSR,BVT,gaussian,0.0482,
3,BVT,SLM,student,0.092,10.589521911417382
3,DSY,FSR,student,0.0517,11.74514218092528
3,FSR,OUT,student,0.1206,8.684647275991301
3,PPC,NPN,student,0.0652,13.954837015179386
3,INP,INL,student,-0.0231,11.55782467894411
3,INL,BTI,gaussian,0.0165,
3,INL,NPN,student,-0.011,26.29807185898302
3,NPN,NED,student,0.1307,16.27057379331267
3,NED,SBK,student,0.0175,11.69954007053457
3,NPN,SBK,student,0.0488,19.43346451724272
3,DSY,REM,student,0.1538,7.926916477112902
3,SBK,FSR,gaussian,0.0666,
3,FSR,SLM,gaussian,0.0538,
3,SLM,REM,student,0.0899,9.550706423770528
3,MTN,REM,gaussian,0.0164,
3,REM,SBK,student,0.108,21.80043048864651
3,REM,BVT,student,0.1162,9.077914676209513
3,SLM,SBK,student,0.1468,9.58578343382808
3,SBK,NED,student,0.1335,12.551866308973281
3,NED,INL,student,0.0968,10.124513103519023
3,FSR,ABG,student,0.1036,15.58349094319164
3,ABG,TFG,student,0.1605,8.33670968239722
3,TFG,MRP,student,0.0913,15.823363563971261
3,RLO,ABG,gaussian,0.0179,
3,SBK,TFG,gaussian,0.0237,
3,TRU,WHL,gaussian,0.0051,
3,TFG,RLO,student,0.0605,20.420241542589515
3,ABG,MRP,student,0.0452,11.563638764828717
3,MRP,TRU,student,0.0675,16.832862323103797
3,SBK,TRU,student,0.1276,11.761022358864626
3,TRU,WHL,student,0.1021,9.08540431307742
3,WHL,SHP,student,0.1522,14.95509955434291
3,ACT,TRU,gaussian,0.0112,
3,AFT,SPP,gaussian,-0.0134,
3,TRU,WHL,gaussian,0.0055,
3,SPP,WHL,gaussian,0.0217,
3,WHL,TFG,gaussian,0.0128,
3,WHL,TRU,student,0.1232,20.914590771759002
3,TFG,SHP,gaussian,0.0055,
3,TRU,TFG,student,0.114,18.359572582763946
3,SHP,TFG,student,0.1019,10.479595489358026
4,FSR,BVT,gaussian,0.0504,
4,BVT,SLM,student,0.055,14.341532717000359
4,SNT,SPG,gaussian,0.019,
4,SPG,FSR,student,0.0587,16.199846739038467
4,REM,NED,student,0.066,20.33597607856713
4,CAT,PPC,gaussian,-0.0002,
4,PPC,KAP,student,0.0102,15.377155102614807
4,GND,DTC,gaussian,0.0284,
4,DTC,NPN,student,0.0497,8.813798380375252
4,NPN,DTC,gaussian,0.0177,
4,BVT,SLM,student,0.0522,13.1069500606952
4,SLM,DSY,student,0.0614,15.258521357809254
4,FSR,OUT,student,0.0498,9.72848935974566
4,OUT,REM,student,0.0875,9.20369075834807
4,NPN,SBK,student,0.0477,15.784086491540384
4,INL,BTI,student,0.0118,18.98879035222825
4,BTI,NPN,student,0.0175,19.0697165145194
4,NPN,NED,student,0.0241,17.230085393808974
4,NED,SBK,gaussian,0.0449,
4,SBK,FSR,student,0.0218,9.607608658157345
4,SBK,FSR,student,0.03,19.980758602017016
4,REM,BVT,student,0.0768,10.154776331144323
4,FSR,SLM,gaussian,0.0355,
4,SLM,REM,gaussian,0.0264,
4,REM,SBK,gaussian,0.0625,
4,REM,SBK,gaussian,0.0142,
4,SBK,BVT,student,0.0813,10.725220402442387
4,BVT,SBK,student,0.078,16.848145951812903
4,SBK,NED,student,0.0891,11.532541058818586
4,NED,INL,student,0.0745,9.226845352128224
4,INL,ABG,student,0.1293,10.024835071478883
4,ABG,TFG,student,0.0621,11.318492431191236
4,TFG,MRP,student,0.0731,13.907900841071829
4,MRP,TRU,student,0.0401,19.6836645876463
4,ABG,MRP,gaussian,0.0106,
4,TFG,RLO,gaussian,0.0332,
4,WHL,SHP,gaussian,0.0269,
4,RLO,MRP,gaussian,0.0745,
4,MRP,TRU,student,0.035,15.418228236152357
4,TRU,WHL,student,0.057,17.537919257388186
4,TRU,WHL,student,0.0397,15.754142568195356
4,WHL,SHP,student,0.1277,9.216789424685704
4,SHP,SPP,gaussian,0.0693,
4,TRU,WHL,gaussian,0.0033,
4,SPP,WHL,gaussian,0.0007,
4,WHL,TFG,gaussian,-0.0073,
4,WHL,TRU,gaussian,0.0302,
4,TFG,SHP,gaussian,-0.0123,
4,TRU,TFG,student,0.0745,17.446501482854078
4,SHP,SPP,gaussian,0.0051,
4,TFG,SPP,student,0.0986,13.941493307488694
5,BVT,SLM,gaussian,0.0389,
5,SLM,NPK,student,0.0685,11.270489548106793
5,SPG,FSR,gaussian,0.0034,
5,FSR,OUT,student,0.031,15.47829402298119
5,NED,BVT,student,0.0486,14.120866195297117
5,PPC,KAP,gaussian,-0.0003,
5,KAP,DTC,gaussian,0.0201,
5,DTC,NPN,student,0.016,17.565532652117636
5,NPN,SBK,gaussian,0.0449,
5,DTC,SBK,gaussian,-0.0088,
5,SLM,DSY,gaussian,0.0332,
5,DSY,OUT,student,0.0504,11.956879479847467
5,OUT,REM,student,0.0214,15.956726954669483
5,REM,BVT,student,0.0553,16.108344437259994
5,SBK,FSR,student,0.0355,20.72636128225114
5,BTI,NPN,gaussian,-0.0039,
5,NPN,NED,student,-0.0126,15.554582396679047
5,NED,SBK,student,-0.0443,11.05623087132534
5,SBK,FSR,student,0.0369,16.497109432025482
5,FSR,PPC,student,-0.0258,10.152531258958296
5,FSR,SLM,gaussian,0.0285,
5,BVT,SBK,gaussian,0.0403,
5,SLM,REM,student,0.0729,16.80457445062047
5,REM,SBK,gaussian,0.0299,
5,SBK,BVT,student,0.0371,22.22959388661867
5,SBK,BVT,gaussian,-0.0105,
5,BVT,DSY,gaussian,0.0424,
5,SBK,NED,student,0.0395,13.869959152027782
5,NED,INL,student,0.0599,11.568263568292243
5,INL,ABG,student,0.1116,9.489183955701247
5,ABG,TFG,student,0.0524,13.41368764993027
5,TFG,MRP,student,0.031,12.56874390283851
5,MRP,TRU,student,0.0489,19.45380846097357
5,TRU,WHL,gaussian,0.0424,
5,MRP,WBO,gaussian,0.0151,
5,RLO,MRP,student,0.0443,17.298449467954228
5,SHP,SPP,gaussian,0.0308,
5,MRP,TRU,gaussian,0.0219,
5,TRU,WHL,student,0.0441,14.267360193592172
5,WHL,SHP,gaussian,0.0439,
5,WHL,SHP,student,0.0777,22.502678436128047
5,SHP,SPP,student,0.1338,13.873605362616551
5,SPP,PIK,student,0.0605,12.718061694298395
5,WHL,TFG,gaussian,-0.0233,
5,WHL,TRU,gaussian,-0.0082,
5,TFG,SHP,gaussian,0.0106,
5,TRU,TFG,gaussian,-0.0053,
5,SHP,SPP,gaussian,0.0063,
5,TFG,ACT,gaussian,0.0391,
5,SPP,ACT,student,0.0191,20.9964936314042
6,SLM,NPK,student,0.0287,18.834532007927674
6,NPK,DSY,student,0.0334,15.101998691146786
6,FSR,OUT,gaussian,0.0068,
6,OUT,REM,gaussian,0.0281,
6,BVT,DSY,student,0.036,14.958810415590376
6,KAP,DTC,student,0.0074,21.104899329919295
6,DTC,NPN,student,0.0035,15.11251639826173
6,NPN,SBK,gaussian,0.0093,
6,SBK,ART,student,0.0297,14.164661070805339
6,SBK,FSR,gaussian,0.0083,
6,DSY,OUT,gaussian,0.0404,
6,OUT,MTM,student,0.0443,15.956342298162054
6,REM,BVT,student,0.0349,15.03392517209435
6,BVT,SBK,student,0.0436,17.40001538797414
6,FSR,SLM,gaussian,0.0076,
6,NPN,NED,gaussian,-0.0064,
6,NED,SBK,student,-0.0096,18.543873030591598
6,SBK,FSR,gaussian,-0.028,
6,FSR,PPC,student,0.0102,20.874967293220212
6,PPC,SLM,gaussian,0.0065,
6,SLM,REM,gaussian,0.0361,
6,SBK,NED,student,0.0552,16.1031680940318
6,REM,BVT,gaussian,0.0532,
6,SBK,BVT,gaussian,0.0276,
6,BVT,DSY,student,0.0474,18.358944387855445
6,BVT,DSY,gaussian,-0.0021,
6,DSY,NED,student,0.0424,13.830873753238961
6,NED,INL,student,0.0416,16.66487081408539
6,INL,ABG,student,0.0387,18.570386114710796
6,ABG,TFG,student,0.0414,16.835403414553838
6,TFG,MRP,student,0.0853,14.801284013332644
6,MRP,TRU,student,0.0266,10.730403687258745
6,TRU,WHL,gaussian,0.0302,
6,WHL,SHP,gaussian,0.0371,
6,WBO,TRU,student,-0.0089,17.42889081992358
6,MRP,TRU,gaussian,0.0071,
6,SPP,PIK,gaussian,-0.0126,
6,TRU,WHL,student,0.0203,15.197014520904775
6,WHL,SHP,gaussian,0.0292,
6,SHP,SPP,student,0.0311,13.540122971635363
6,SHP,SPP,student,0.1161,17.728616402001414
6,SPP,PIK,student,0.062,19.84748842608342
6,PIK,AFT,student,0.0471,23.343643518805656
6,TFG,SHP,gaussian,0.0155,
6,TRU,TFG,gaussian,0.0,
6,SHP,SPP,gaussian,-0.018,
6,TFG,ACT,gaussian,0.0151,
6,SPP,PIK,gaussian,-0.0038,
6,ACT,PIK,gaussian,0.0202,
7,NPK,DSY,gaussian,0.0099,
7,DSY,OUT,student,0.032,12.765547334484221
7,OUT,REM,gaussian,0.0096,
7,REM,BVT,student,0.037,13.998443721171979
7,DSY,OUT,student,0.0619,12.726573833604155
7,DTC,NPN,gaussian,0.0085,
7,NPN,SBK,gaussian,0.0165,
7,SBK,ART,gaussian,0.0274,
7,ART,FSR,student,0.0089,13.049151625033238
7,FSR,SLM,gaussian,0.0038,
7,OUT,MTM,gaussian,0.0049,
7,MTM,SBK,student,0.0683,13.206448060334287
7,BVT,SBK,student,0.0495,19.525376969712106
7,SBK,NED,student,0.0608,12.28423336526773
7,SLM,REM,student,0.0298,16.306545041462435
7,NED,SBK,gaussian,-0.0089,
7,SBK,FSR,gaussian,-0.0251,
7,FSR,PPC,gaussian,-0.0073,
7,PPC,SLM,student,0.0617,12.081865382723858
7,SLM,REM,student,-0.0037,14.633977040271068
7,REM,BVT,gaussian,0.0271,
7,NED,INL,student,0.0235,17.630025354780706
7,BVT,DSY,gaussian,0.0321,
7,BVT,DSY,gaussian,0.0119,
7,DSY,NED,student,0.0555,17.13416463761886
7,DSY,NED,gaussian,0.0096,
7,NED,INL,student,0.0268,21.679629408205965
7,INL,ABG,student,0.0406,13.311896943142562
7,ABG,TFG,student,0.0407,21.163703228159104
7,TFG,MRP,student,0.0518,19.281116509116988
7,MRP,TRU,student,0.074,17.134113266860183
7,TRU,WHL,gaussian,0.0201,
7,WHL,SHP,student,0.0411,17.050773502224587
7,SHP,RLO,gaussian,0.0368,
7,TRU,ADH,gaussian,-0.0008,
7,TRU,WHL,gaussian,0.0105,
7,PIK,AFT,gaussian,0.0066,
7,WHL,SHP,student,0.0105,20.988439484157944
7,SHP,SPP,gaussian,0.0327,
7,SPP,CLS,gaussian,0.0169,
7,SPP,PIK,gaussian,0.0597,
7,PIK,AFT,student,0.0424,17.789388092161186
7,AFT,SEB,student,0.0117,20.061757884885097
7,SHP,SPP,gaussian,-0.0136,
7,TFG,ACT,gaussian,0.0122,
7,SPP,PIK,gaussian,-0.0076,
7,ACT,EMH,gaussian,0.0238,
7,PIK,EMH,gaussian,0.0137,
8,DSY,OUT,student,0.0349,19.70746104998163
8,OUT,MTM,student,0.0198,19.62330356967729
8,REM,BVT,gaussian,-0.0029,
8,BVT,SBK,gaussian,0.0455,
8,OUT,MTM,gaussian,0.0063,
8,NPN,SBK,gaussian,0.0177,
8,SBK,ART,gaussian,-0.0139,
8,ART,FSR,gaussian,0.0128,
8,FSR,SLM,gaussian,0.0045,
8,SLM,REM,gaussian,0.0145,
8,MTM,SBK,gaussian,0.0282,
8,SBK,SPG,gaussian,0.0256,
8,SBK,NED,gaussian,0.0186,
8,NED,INL,student,0.0241,16.8638698425624
8,REM,BVT,gaussian,0.0325,
8,SBK,FSR,gaussian,0.0054,
8,FSR,PPC,gaussian,0.004,
8,PPC,SLM,gaussian,0.0161,
8,SLM,REM,student,0.0288,14.905531285912767
8,REM,BVT,student,0.012,16.318582781555317
8,BVT,DSY,student,0.0139,18.00075324588521
8,INL,NPN,gaussian,0.0435,
8,DSY,MTN,gaussian,0.0361,
8,DSY,NED,gaussian,0.0135,
8,NED,HDC,gaussian,-0.0012,
8,NED,INL,gaussian,0.0187,
8,INL,ABG,student,0.0378,21.661288465950417
8,ABG,TFG,student,0.039,21.551203526205025
8,TFG,MRP,student,0.0835,21.62930206997104
8,MRP,TRU,student,0.0545,19.40157659830847
8,TRU,WHL,student,0.0255,24.20066845441418
8,WHL,SHP,student,0.0365,19.482422647052797
8,SHP,RLO,student,0.0573,13.615792945642465
8,RLO,WBO,gaussian,0.0166,
8,ADH,WHL,gaussian,-0.0048,
8,WHL,SHP,gaussian,0.0161,
8,AFT,SBK,gaussian,0.0211,
8,SHP,SPP,gaussian,-0.0157,
8,SPP,CLS,gaussian,0.0312,
8,CLS,PIK,gaussian,0.0024,
8,PIK,AFT,student,0.0376,16.434885297179683
8,AFT,SEB,gaussian,0.0159,
8,SEB,ACT,gaussian,-0.0126,
8,SPP,PIK,gaussian,-0.0167,
8,ACT,EMH,gaussian,0.0178,
8,PIK,AFT,gaussian,-0.0017,
8,EMH,AFT,gaussian,0.0023,
9,OUT,MTM,gaussian,-0.012,
9,MTM,SBK,student,0.0222,14.38791247637229
9,BVT,SBK,gaussian,0.0083,
9,SBK,NTC,gaussian,-0.0007,
9,MTM,SPG,student,0.0206,16.283204762255263
9,SBK,ART,gaussian,0.0029,
9,ART,FSR,student,0.0209,17.417075139559895
9,FSR,SLM,gaussian,0.017,
9,SLM,REM,gaussian,0.0233,
9,REM,BVT,gaussian,0.0108,
9,SBK,SPG,gaussian,0.0119,
9,SPG,NED,gaussian,0.0199,
9,NED,INL,gaussian,0.0099,
9,INL,NPN,student,0.0528,10.717677673197027
9,BVT,DSY,student,0.0252,15.66682678499927
9,FSR,PPC,gaussian,0.0019,
9,PPC,SLM,student,-0.0007,14.178017785396131
9,SLM,REM,student,0.0229,18.068577060630446
9,REM,BVT,student,0.0006,19.72220080668604
9,BVT,DSY,gaussian,-0.0229,
9,DSY,OUT,student,0.0235,21.2935275088812
9,NPN,MTN,gaussian,0.0339,
9,MTN,HDC,gaussian,0.0285,
9,NED,HDC,gaussian,0.0212,
9,HDC,INL,gaussian,-0.0025,
9,INL,ABG,student,0.0217,20.389393274571812
9,ABG,TFG,gaussian,0.0296,
9,TFG,MRP,gaussian,0.0455,
9,MRP,TRU,gaussian,0.0733,
9,TRU,WHL,student,0.0277,21.67759856693993
9,WHL,SHP,student,0.0368,15.218371933404603
9,SHP,RLO,gaussian,0.0253,
9,RLO,WBO,gaussian,0.0096,
9,WBO,ADH,gaussian,0.0104,
9,WHL,SHP,gaussian,-0.0047,
9,SHP,SPP,gaussian,0.0213,
9,SBK,CLS,gaussian,-0.0102,
9,SPP,CLS,gaussian,0.0124,
9,CLS,PIK,student,0.0086,12.849103683286906
9,PIK,AFT,gaussian,-0.0012,
9,AFT,SEB,gaussian,0.0089,
9,SEB,ACT,gaussian,0.0094,
9,ACT,EMH,gaussian,-0.0046,
9,PIK,AFT,gaussian,0.007,
9,EMH,EMN,gaussian,-0.0061,
9,AFT,EMN,gaussian,0.0086,
10,MTM,SBK,student,0.0327,23.251727561694985
10,SBK,SPG,gaussian,0.0103,
10,SBK,NTC,gaussian,0.0097,
10,NTC,NED,gaussian,0.0429,
10,SPG,NTC,student,0.0262,19.335065651817544
10,ART,FSR,gaussian,-0.0122,
10,FSR,SLM,gaussian,0.0121,
10,SLM,REM,gaussian,0.016,
10,REM,BVT,gaussian,0.0192,
10,BVT,DSY,gaussian,-0.0143,
10,SPG,NED,student,0.0288,14.174220340625714
10,NED,INL,gaussian,0.0102,
10,INL,NPN,student,0.0357,12.542971357434016
10,NPN,PPC,gaussian,0.0007,
10,DSY,OUT,gaussian,0.0253,
10,PPC,SLM,student,0.0149,19.87026597919718
10,SLM,REM,gaussian,0.0118,
10,REM,BVT,student,0.0818,10.734400718922721
10,BVT,DSY,gaussian,0.0141,
10,DSY,OUT,student,0.0091,15.411342177130916
10,OUT,MTN,gaussian,0.0272,
10,MTN,HDC,gaussian,0.015,
10,HDC,VOD,gaussian,0.0218,
10,HDC,INL,student,0.0161,15.607197047756236
10,INL,ABG,gaussian,-0.0132,
10,ABG,TFG,gaussian,0.0054,
10,TFG,MRP,gaussian,-0.0045,
10,MRP,TRU,student,0.0503,15.709957478505446
10,TRU,WHL,gaussian,0.0264,
10,WHL,SHP,student,0.0539,18.919475060650097
10,SHP,RLO,gaussian,0.0653,
10,RLO,WBO,student,0.0713,12.271776151691117
10,WBO,ADH,gaussian,0.0095,
10,ADH,MST,gaussian,0.0116,
10,SHP,SPP,gaussian,-0.0022,
10,SPP,CLS,gaussian,0.0027,
10,CLS,ABG,gaussian,-0.0161,
10,CLS,PIK,gaussian,0.0043,
10,PIK,AFT,gaussian,0.032,
10,AFT,SEB,gaussian,0.0076,
10,SEB,ACT,gaussian,0.0056,
10,ACT,EMH,gaussian,0.011,
10,EMH,EMN,gaussian,-0.0066,
10,AFT,SEB,gaussian,0.0274,
10,EMN,SEB,gaussian,-0.0042,
11,SBK,SPG,student,-0.0055,24.09526785956196
11,SPG,NED,gaussian,0.0097,
11,NTC,NED,student,0.0124,21.05872433748251
11,NED,CPI,gaussian,-0.0048,
11,NTC,NPK,student,-0.01,15.23573937115395
11,FSR,SLM,student,-0.0049,20.223603823545535
11,SLM,REM,gaussian,0.0055,
11,REM,BVT,gaussian,0.0109,
11,BVT,DSY,student,0.0326,14.313323572635106
11,DSY,OUT,gaussian,-0.0037,
11,NED,INL,gaussian,0.0184,
11,INL,NPN,student,0.0466,20.617909401048014
11,NPN,PPC,gaussian,0.0197,
11,PPC,DTC,gaussian,0.041,
11,OUT,MTN,gaussian,0.0057,
11,SLM,REM,gaussian,-0.0104,
11,REM,BVT,gaussian,0.028,
11,BVT,DSY,gaussian,-0.0018,
11,DSY,OUT,student,-0.012,19.417634986054725
11,OUT,MTN,gaussian,0.0156,
11,MTN,HDC,student,0.0134,20.00225831731107
11,HDC,VOD,gaussian,0.0056,
11,VOD,TKG,gaussian,0.0231,
11,INL,ABG,gaussian,0.0094,
11,ABG,TFG,gaussian,0.0008,
11,TFG,MRP,gaussian,0.038,
11,MRP,TRU,gaussian,0.0112,
11,TRU,WHL,gaussian,0.0126,
11,WHL,SHP,student,0.0547,17.007959710048702
11,SHP,RLO,gaussian,0.0586,
11,RLO,WBO,gaussian,0.0362,
11,WBO,ADH,gaussian,0.0467,
11,ADH,MST,gaussian,0.0024,
11,MST,SPP,student,0.0038,17.11840129676824
11,SPP,CLS,gaussian,0.0073,
11,CLS,PIK,gaussian,0.0138,
11,ABG,SEB,gaussian,0.0194,
11,PIK,AFT,student,0.018,23.6486237997422
11,AFT,SEB,gaussian,0.0122,
11,SEB,ACT,gaussian,-0.0091,
11,ACT,EMH,gaussian,0.0017,
11,EMH,EMN,gaussian,0.0135,
11,EMN,AME,gaussian,0.0061,
11,SEB,AME,student,0.0039,17.835032591307442
12,SPG,NED,gaussian,0.0063,
12,NED,INL,gaussian,0.0185,
12,NED,CPI,gaussian,0.0205,
12,CPI,NPK,gaussian,0.0145,
12,NPK,INL,gaussian,0.0042,
12,SLM,REM,student,-0.0133,16.90702675652767
12,REM,BVT,gaussian,0.0114,
12,BVT,DSY,gaussian,0.0301,
12,DSY,OUT,student,0.0084,15.46356277661311
12,OUT,MTM,gaussian,-0.0054,
12,INL,NPN,student,0.0178,16.721340030125134
12,NPN,PPC,student,0.0237,17.85772330974392
12,PPC,DTC,student,0.0352,15.926950433787717
12,DTC,MTN,student,0.0185,19.56064062742312
12,MTN,HDC,gaussian,0.0252,
12,REM,BVT,student,-0.0088,20.4099378519802
12,BVT,DSY,gaussian,0.0256,
12,DSY,OUT,gaussian,0.004,
12,OUT,MTN,gaussian,-0.0096,
12,MTN,HDC,student,-0.0153,21.37481795531566
12,HDC,VOD,gaussian,0.0489,
12,VOD,TKG,student,0.0155,20.5521264207029
12,TKG,ABG,gaussian,0.0078,
12,ABG,TFG,gaussian,0.0245,
12,TFG,MRP,gaussian,0.013,
12,MRP,TRU,gaussian,0.0014,
12,TRU,WHL,gaussian,0.017,
12,WHL,SHP,gaussian,0.0318,
12,SHP,RLO,gaussian,0.055,
12,RLO,WBO,student,0.0357,20.40841495247968
12,WBO,ADH,student,0.0254,20.022360313139313
12,ADH,MST,gaussian,0.0242,
12,MST,SPP,gaussian,0.0141,
12,SPP,CLS,gaussian,0.0009,
12,CLS,PIK,gaussian,0.005,
12,PIK,AFT,gaussian,0.0213,
12,SEB,ACT,gaussian,-0.0067,
12,AFT,SEB,gaussian,0.0529,
12,SEB,ACT,gaussian,0.011,
12,ACT,EMH,gaussian,0.0089,
12,EMH,EMN,gaussian,0.011,
12,EMN,AME,gaussian,0.016,
12,AME,MRP,gaussian,-0.0063,
13,NED,INL,gaussian,0.0117,
13,INL,NPN,student,0.0309,17.665707099824225
13,CPI,NPK,gaussian,0.0047,
13,NPK,INL,gaussian,0.0002,
13,INL,NPN,gaussian,0.0091,
13,REM,BVT,student,-0.0028,19.635298180977507
13,BVT,DSY,gaussian,0.0002,
13,DSY,OUT,gaussian,0.0238,
13,OUT,MTM,gaussian,-0.0021,
13,MTM,SPG,gaussian,0.0079,
13,NPN,PPC,student,0.0032,14.924554765981581
13,PPC,DTC,student,0.0208,11.589933225281449
13,DTC,MTN,gaussian,0.0416,
13,MTN,HDC,gaussian,0.0048,
13,HDC,VOD,student,0.0333,16.41918381786651
13,BVT,DSY,gaussian,0.0032,
13,DSY,OUT,student,0.0212,18.97064361239751
13,OUT,MTN,gaussian,0.0207,
13,MTN,HDC,gaussian,0.0468,
13,HDC,VOD,gaussian,-0.008,
13,VOD,TKG,gaussian,-0.0117,
13,TKG,ABG,gaussian,0.0162,
13,ABG,TFG,gaussian,-0.0023,
13,TFG,MRP,student,0.0356,22.246981524100068
13,MRP,TRU,gaussian,0.0075,
13,TRU,WHL,gaussian,0.0027,
13,WHL,SHP,gaussian,0.0251,
13,SHP,RLO,student,0.0128,15.465061925784124
13,RLO,WBO,student,0.027,14.517626769841677
13,WBO,ADH,gaussian,0.0227,
13,ADH,MST,gaussian,-0.0064,
13,MST,SPP,gaussian,-0.0002,
13,SPP,CLS,gaussian,0.015,
13,CLS,PIK,student,0.0057,11.64993510801193
13,PIK,AFT,gaussian,0.0224,
13,AFT,SEB,gaussian,0.0433,
13,ACT,RLO,gaussian,0.004,
13,SEB,ACT,gaussian,0.0052,
13,ACT,EMH,gaussian,-0.0022,
13,EMH,EMN,gaussian,-0.0136,
13,EMN,AME,gaussian,-0.0057,
13,AME,SBK,gaussian,-0.0027,
14,INL,NPN,gaussian,-0.0337,
14,NPN,PPC,gaussian,0.0438,
14,NPK,INL,student,0.0196,7.66387801195691
14,INL,NPN,gaussian,0.0021,
14,NPN,PPC,gaussian,0.0141,
14,BVT,DSY,gaussian,-0.0025,
14,DSY,OUT,gaussian,0.0122,
14,OUT,MTM,gaussian,0.0052,
14,MTM,SPG,gaussian,0.0333,
14,SPG,MTN,gaussian,0.0076,
14,PPC,DTC,student,0.0845,6.753003565332112
14,DTC,MTN,student,0.0278,12.15273893596949
14,MTN,HDC,student,0.0135,15.175523571432727
14,HDC,VOD,gaussian,0.0133,
14,VOD,TKG,gaussian,0.013,
14,DSY,OUT,student,-0.0052,13.789739916435183
14,OUT,MTN,gaussian,0.0095,
14,MTN,HDC,gaussian,0.026,
14,HDC,VOD,student,0.0306,12.493356103777474
14,VOD,TKG,student,0.009,16.95238253678298
14,TKG,ABG,student,0.0254,10.593989629652116
14,ABG,TFG,gaussian,0.0168,
14,TFG,MRP,gaussian,0.0246,
14,MRP,TRU,gaussian,-0.001,
14,TRU,WHL,gaussian,0.0131,
14,WHL,SHP,gaussian,0.0173,
14,SHP,RLO,gaussian,0.0213,
14,RLO,WBO,student,0.0148,18.256563579886755
14,WBO,ADH,gaussian,0.0233,
14,ADH,MST,gaussian,0.0153,
14,MST,SPP,gaussian,0.0043,
14,SPP,CLS,gaussian,0.001,
14,CLS,PIK,gaussian,0.0351,
14,PIK,AFT,gaussian,0.0036,
14,AFT,SEB,student,0.0217,17.42115531010091
14,SEB,ACT,gaussian,0.0068,
14,RLO,WBO,student,-0.0075,12.428932177079254
14,ACT,EMH,gaussian,0.0018,
14,EMH,EMN,gaussian,0.0094,
14,EMN,AME,gaussian,0.003,
14,AME,CLS,gaussian,0.0169,
15,NPN,PPC,gaussian,-0.0053,
15,PPC,DTC,student,0.0112,18.530399170199424
15,INL,NPN,student,0.0111,13.059752891513345
15,NPN,PPC,gaussian,0.0135,
15,PPC,DTC,gaussian,-0.0052,
15,DSY,OUT,gaussian,-0.0015,
15,OUT,MTM,gaussian,0.0085,
15,MTM,SPG,gaussian,0.0064,
15,SPG,MTN,student,0.0318,18.49690607590759
15,MTN,NTC,student,-0.0006,19.925806676216364
15,DTC,MTN,student,0.0184,11.759010650904244
15,MTN,HDC,gaussian,0.0207,
15,HDC,VOD,gaussian,0.0426,
15,VOD,TKG,gaussian,0.0267,
15,TKG,ABG,gaussian,0.032,
15,OUT,MTN,gaussian,0.0062,
15,MTN,HDC,gaussian,0.0246,
15,HDC,VOD,student,0.0015,12.825231077738902
15,VOD,TKG,gaussian,0.0085,
15,TKG,ABG,gaussian,0.0062,
15,ABG,TFG,gaussian,0.0154,
15,TFG,MRP,gaussian,0.0305,
15,MRP,TRU,gaussian,0.0258,
15,TRU,WHL,gaussian,0.009,
15,WHL,SHP,gaussian,0.0316,
15,SHP,RLO,gaussian,0.0086,
15,RLO,WBO,gaussian,0.003,
15,WBO,ADH,gaussian,0.0122,
15,ADH,MST,gaussian,0.0143,
15,MST,SPP,gaussian,-0.0047,
15,SPP,CLS,gaussian,0.007,
15,CLS,PIK,gaussian,0.0162,
15,PIK,AFT,gaussian,0.0036,
15,AFT,SEB,gaussian,0.0307,
15,SEB,ACT,gaussian,0.0015,
15,ACT,BEL,gaussian,0.0194,
15,WBO,EMH,gaussian,0.0137,
15,EMH,EMN,gaussian,0.0075,
15,EMN,AME,gaussian,-0.0066,
15,AME,ABG,gaussian,0.0013,
16,PPC,DTC,gaussian,-0.0082,
16,DTC,MTN,gaussian,0.0196,
16,NPN,PPC,gaussian,0.0121,
16,PPC,DTC,gaussian,0.021,
16,DTC,MTN,gaussian,-0.0026,
16,OUT,MTM,gaussian,0.0133,
16,MTM,SPG,gaussian,0.0231,
16,SPG,MTN,gaussian,0.0386,
16,MTN,NTC,gaussian,0.0143,
16,NTC,NPK,gaussian,-0.0008,
16,MTN,HDC,gaussian,0.0189,
16,HDC,VOD,gaussian,0.0028,
16,VOD,TKG,gaussian,0.0052,
16,TKG,ABG,gaussian,0.0421,
16,ABG,TFG,gaussian,0.0125,
16,MTN,HDC,gaussian,-0.0004,
16,HDC,VOD,gaussian,-0.0037,
16,VOD,TKG,gaussian,0.0173,
16,TKG,ABG,gaussian,0.0048,
16,ABG,TFG,student,0.015,20.20554821838753
16,TFG,MRP,student,0.0457,16.541006458680418
16,MRP,TRU,gaussian,0.0145,
16,TRU,WHL,gaussian,0.0054,
16,WHL,SHP,gaussian,-0.0049,
16,SHP,RLO,gaussian,0.0431,
16,RLO,WBO,student,0.0382,18.569586601766964
16,WBO,ADH,student,0.0038,19.04117130970641
16,ADH,MST,student,0.0238,17.35492043548481
16,MST,SPP,gaussian,0.0188,
16,SPP,CLS,gaussian,0.0381,
16,CLS,PIK,gaussian,0.0392,
16,PIK,AFT,gaussian,0.007,
16,AFT,SEB,gaussian,-0.0039,
16,SEB,ACT,gaussian,0.003,
16,ACT,BEL,gaussian,0.0156,
16,BEL,EMH,gaussian,0.0247,
16,EMH,EMN,gaussian,-0.0066,
16,EMN,AME,gaussian,0.0124,
16,AME,RLO,gaussian,0.0047,
17,DTC,MTN,gaussian,-0.0077,
17,MTN,HDC,gaussian,0.013,
17,PPC,DTC,student,0.0291,11.647882998026613
17,DTC,MTN,student,0.0411,18.345377784512547
17,MTN,ART,student,0.0008,23.14573095213363
17,MTM,SPG,gaussian,-0.0248,
17,SPG,MTN,gaussian,0.0146,
17,MTN,NTC,gaussian,0.0099,
17,NTC,NPK,gaussian,0.0142,
17,NPK,HDC,gaussian,-0.0021,
17,HDC,VOD,gaussian,0.0211,
17,VOD,TKG,student,0.0043,14.136329149356285
17,TKG,ABG,gaussian,0.0304,
17,ABG,TFG,gaussian,0.0301,
17,TFG,MRP,gaussian,0.0138,
17,HDC,VOD,gaussian,0.003,
17,VOD,TKG,gaussian,0.005,
17,TKG,ABG,gaussian,0.0043,
17,ABG,TFG,student,0.005,22.23959365938485
17,TFG,MRP,gaussian,0.0066,
17,MRP,TRU,student,0.0099,24.250602924888216
17,TRU,WHL,gaussian,0.0072,
17,WHL,SHP,gaussian,0.0289,
17,SHP,RLO,gaussian,-0.0117,
17,RLO,WBO,gaussian,0.0151,
17,WBO,ADH,gaussian,0.0609,
17,ADH,MST,gaussian,0.0295,
17,MST,SPP,gaussian,-0.0005,
17,SPP,CLS,gaussian,0.0283,
17,CLS,PIK,gaussian,0.0362,
17,PIK,AFT,gaussian,0.0147,
17,AFT,SEB,gaussian,0.0206,
17,SEB,ACT,gaussian,0.0086,
17,ACT,BEL,gaussian,-0.0073,
17,BEL,EMH,gaussian,-0.0046,
17,EMH,EMN,gaussian,0.0014,
17,EMN,AME,gaussian,0.0088,
17,AME,WBO,gaussian,-0.0076,
18,MTN,HDC,gaussian,-0.011,
18,HDC,VOD,student,0.0087,20.54827597739013
18,DTC,MTN,gaussian,0.0245,
18,MTN,ART,gaussian,0.0092,
18,ART,GND,gaussian,-0.0026,
18,SPG,MTN,gaussian,-0.016,
18,MTN,NTC,gaussian,0.0052,
18,NTC,NPK,gaussian,0.0073,
18,NPK,HDC,student,0.0224,14.293138153019704
18,HDC,VOD,student,-0.0041,17.08821131533378
18,VOD,TKG,gaussian,0.0044,
18,TKG,ABG,gaussian,0.0224,
18,ABG,TFG,gaussian,0.0191,
18,TFG,MRP,gaussian,0.0288,
18,MRP,INP,gaussian,-0.0056,
18,VOD,TKG,gaussian,0.0106,
18,TKG,ABG,student,0.014,17.5079764974873
18,ABG,TFG,student,-0.0151,22.107368365459813
18,TFG,MRP,gaussian,-0.0006,
18,MRP,TRU,gaussian,-0.005,
18,TRU,WHL,gaussian,0.0247,
18,WHL,SHP,student,0.0521,15.291838397126622
18,SHP,RLO,gaussian,0.0009,
18,RLO,WBO,gaussian,0.0163,
18,WBO,ADH,gaussian,0.0083,
18,ADH,MST,gaussian,0.0472,
18,MST,SPP,student,0.0098,17.29199060870415
18,SPP,CLS,gaussian,0.0398,
18,CLS,PIK,gaussian,0.0211,
18,PIK,AFT,gaussian,0.0096,
18,AFT,SEB,gaussian,0.001,
18,SEB,ACT,gaussian,-0.0008,
18,ACT,BEL,gaussian,0.0049,
18,BEL,EMH,gaussian,-0.0039,
18,EMH,EMN,gaussian,0.0215,
18,EMN,AME,gaussian,-0.0025,
18,AME,BEL,gaussian,0.0042,
19,HDC,VOD,gaussian,-0.0093,
19,VOD,TKG,gaussian,0.0264,
19,MTN,ART,gaussian,0.0182,
19,ART,GND,gaussian,0.0033,
19,GND,KAP,gaussian,0.0235,
19,MTN,NTC,gaussian,0.0015,
19,NTC,NPK,gaussian,0.0193,
19,NPK,HDC,gaussian,0.0025,
19,HDC,VOD,student,0.0339,16.4958793095568
19,VOD,TKG,gaussian,0.0088,
19,TKG,ABG,student,0.0242,10.765045630160152
19,ABG,TFG,gaussian,0.0124,
19,TFG,MRP,gaussian,0.0297,
19,MRP,INP,gaussian,0.0229,
19,INP,AGL,gaussian,0.0048,
19,TKG,ABG,gaussian,0.027,
19,ABG,TFG,gaussian,-0.017,
19,TFG,MRP,gaussian,-0.0125,
19,MRP,TRU,gaussian,-0.0043,
19,TRU,WHL,student,-0.0041,26.59921845070945
19,WHL,SHP,gaussian,0.0119,
19,SHP,RLO,gaussian,0.0019,
19,RLO,WBO,student,0.0292,17.476266025332894
19,WBO,ADH,gaussian,0.0129,
19,ADH,MST,gaussian,0.0068,
19,MST,SPP,gaussian,0.0374,
19,SPP,CLS,gaussian,0.0148,
19,CLS,PIK,gaussian,0.0265,
19,PIK,AFT,gaussian,-0.0092,
19,AFT,SEB,gaussian,0.0111,
19,SEB,ACT,gaussian,-0.0027,
19,ACT,BEL,gaussian,-0.0015,
19,BEL,EMH,gaussian,-0.0134,
19,EMH,EMN,gaussian,-0.0104,
19,EMN,AME,gaussian,0.0003,
19,AME,ADH,gaussian,0.0029,
20,VOD,TKG,gaussian,0.0209,
20,TKG,ABG,gaussian,-0.01,
20,ART,GND,gaussian,-0.0098,
20,GND,KAP,student,0.0084,12.341548978499855
20,KAP,HDC,gaussian,0.0413,
20,NTC,NPK,gaussian,0.0019,
20,NPK,HDC,gaussian,0.0014,
20,HDC,VOD,gaussian,0.0175,
20,VOD,TKG,gaussian,0.0127,
20,TKG,ABG,gaussian,-0.0093,
20,ABG,TFG,gaussian,0.0008,
20,TFG,MRP,gaussian,0.0394,
20,MRP,INP,gaussian,-0.0019,
20,INP,AGL,gaussian,0.0004,
20,AGL,BTI,gaussian,0.0412,
20,ABG,TFG,gaussian,-0.0044,
20,TFG,MRP,student,-0.0123,21.490915696339286
20,MRP,TRU,gaussian,-0.0145,
20,TRU,WHL,gaussian,-0.0089,
20,WHL,SHP,gaussian,0.0213,
20,SHP,RLO,gaussian,0.0232,
20,RLO,WBO,gaussian,0.0169,
20,WBO,ADH,student,0.0384,21.094892796615174
20,ADH,MST,gaussian,0.0186,
20,MST,SPP,gaussian,0.0201,
20,SPP,CLS,gaussian,0.0137,
20,CLS,PIK,gaussian,0.0058,
20,PIK,AFT,gaussian,0.0214,
20,AFT,SEB,gaussian,0.0189,
20,SEB,ACT,gaussian,-0.0037,
20,ACT,BEL,gaussian,-0.0056,
20,BEL,EMH,gaussian,0.0102,
20,EMH,EMN,gaussian,-0.016,
20,EMN,AME,gaussian,0.0029,
20,AME,MST,gaussian,0.0021,
21,TKG,ABG,gaussian,-0.0115,
21,ABG,TFG,gaussian,-0.0026,
21,GND,KAP,gaussian,0.0358,
21,KAP,HDC,gaussian,0.0398,
21,HDC,VOD,gaussian,-0.0014,
21,NPK,HDC,gaussian,0.015,
21,HDC,VOD,gaussian,0.0055,
21,VOD,TKG,gaussian,-0.0017,
21,TKG,ABG,student,0.0113,21.76550096516771
21,ABG,TFG,gaussian,0.0052,
21,TFG,MRP,gaussian,0.0307,
21,MRP,INP,gaussian,0.0463,
21,INP,AGL,student,0.0108,14.29209039589965
21,AGL,BTI,gaussian,0.0003,
21,BTI,ANG,gaussian,0.0067,
21,TFG,MRP,gaussian,0.0016,
21,MRP,TRU,gaussian,-0.0188,
21,TRU,WHL,gaussian,0.0043,
21,WHL,SHP,gaussian,-0.0098,
21,SHP,RLO,gaussian,-0.0176,
21,RLO,WBO,student,0.066,14.796326059976133
21,WBO,ADH,gaussian,0.0075,
21,ADH,MST,gaussian,-0.0037,
21,MST,SPP,gaussian,0.0118,
21,SPP,CLS,gaussian,0.0181,
21,CLS,PIK,gaussian,-0.0106,
21,PIK,AFT,student,0.0262,20.950379261375847
21,AFT,SEB,gaussian,0.0054,
21,SEB,ACT,gaussian,-0.0095,
21,ACT,BEL,gaussian,0.0119,
21,BEL,EMH,gaussian,0.008,
21,EMH,EMN,gaussian,0.0052,
21,EMN,AME,gaussian,-0.0068,
21,AME,NED,gaussian,0.0108,
22,ABG,TFG,gaussian,-0.0111,
22,TFG,MRP,gaussian,0.0224,
22,KAP,HDC,student,-0.0002,18.43298288891119
22,HDC,VOD,gaussian,0.0208,
22,VOD,TKG,gaussian,0.0033,
22,HDC,VOD,gaussian,-0.0002,
22,VOD,TKG,gaussian,-0.0119,
22,TKG,ABG,student,0.0178,18.79408334021677
22,ABG,TFG,student,-0.0087,21.19182187660799
22,TFG,MRP,gaussian,0.0182,
22,MRP,INP,gaussian,0.0078,
22,INP,AGL,student,0.0025,23.77139551593716
22,AGL,BTI,gaussian,-0.0025,
22,BTI,ANG,gaussian,-0.0003,
22,ANG,GFI,gaussian,0.0184,
22,MRP,TRU,gaussian,-0.0055,
22,TRU,WHL,gaussian,-0.0127,
22,WHL,SHP,gaussian,0.0027,
22,SHP,RLO,gaussian,-0.0136,
22,RLO,WBO,student,-0.0037,23.478888716730378
22,WBO,ADH,student,0.0649,12.583047972767764
22,ADH,MST,gaussian,-0.0002,
22,MST,SPP,gaussian,0.0082,
22,SPP,CLS,student,0.012,23.463442296315822
22,CLS,PIK,student,0.0644,19.418509790057385
22,PIK,AFT,student,0.0017,23.19653383898857
22,AFT,SEB,gaussian,0.0192,
22,SEB,ACT,gaussian,-0.0031,
22,ACT,BEL,gaussian,0.0032,
22,BEL,EMH,gaussian,0.0206,
22,EMH,EMN,gaussian,0.0009,
22,EMN,AME,gaussian,-0.0077,
22,AME,FSR,gaussian,0.0123,
23,TFG,MRP,gaussian,0.0235,
23,MRP,INP,gaussian,0.0323,
23,HDC,VOD,gaussian,0.023,
23,VOD,TKG,gaussian,0.002,
23,TKG,ABG,gaussian,0.0137,
23,VOD,TKG,gaussian,0.0025,
23,TKG,ABG,gaussian,0.0086,
23,ABG,TFG,gaussian,0.0077,
23,TFG,MRP,gaussian,0.0036,
23,MRP,INP,gaussian,-0.0009,
23,INP,AGL,gaussian,0.0035,
23,AGL,BTI,gaussian,-0.0187,
23,BTI,ANG,gaussian,-0.0177,
23,ANG,GFI,gaussian,0.0173,
23,GFI,TRU,gaussian,0.0041,
23,TRU,WHL,student,-0.0014,21.343740117922987
23,WHL,SHP,gaussian,0.0128,
23,SHP,RLO,gaussian,-0.0001,
23,RLO,WBO,gaussian,0.0062,
23,WBO,ADH,gaussian,0.0127,
23,ADH,MST,gaussian,0.0173,
23,MST,SPP,gaussian,0.0077,
23,SPP,CLS,gaussian,0.0182,
23,CLS,PIK,gaussian,0.0051,
23,PIK,AFT,gaussian,0.0037,
23,AFT,SEB,gaussian,0.0231,
23,SEB,ACT,gaussian,-0.008,
23,ACT,BEL,gaussian,0.0069,
23,BEL,EMH,gaussian,0.0004,
23,EMH,EMN,gaussian,-0.0116,
23,EMN,AME,gaussian,-0.0115,
23,AME,INL,gaussian,0.0099,
24,MRP,INP,gaussian,0.0307,
24,INP,AGL,gaussian,0.0123,
24,VOD,TKG,gaussian,0.0004,
24,TKG,ABG,gaussian,0.0273,
24,ABG,TFG,student,0.0302,20.120698340795123
24,TKG,ABG,gaussian,0.0049,
24,ABG,TFG,gaussian,-0.0026,
24,TFG,MRP,gaussian,0.0159,
24,MRP,INP,gaussian,0.0204,
24,INP,AGL,gaussian,-0.0068,
24,AGL,BTI,gaussian,0.0187,
24,BTI,ANG,gaussian,0.0112,
24,ANG,GFI,gaussian,-0.0102,
24,GFI,TRU,gaussian,0.0052,
24,TRU,WHL,gaussian,-0.002,
24,WHL,SHP,gaussian,-0.0075,
24,SHP,RLO,gaussian,0.0013,
24,RLO,WBO,gaussian,-0.0023,
24,WBO,ADH,gaussian,0.0308,
24,ADH,MST,gaussian,0.0137,
24,MST,SPP,gaussian,0.0221,
24,SPP,CLS,gaussian,0.001,
24,CLS,PIK,gaussian,0.0277,
24,PIK,AFT,student,0.0387,20.531085783951756
24,AFT,SEB,gaussian,-0.0053,
24,SEB,ACT,gaussian,0.0151,
24,ACT,BEL,gaussian,-0.0013,
24,BEL,EMH,gaussian,0.0084,
24,EMH,EMN,gaussian,0.0113,
24,EMN,AME,gaussian,0.0159,
24,AME,SLM,gaussian,-0.0074,
25,INP,AGL,gaussian,-0.0169,
25,AGL,BTI,gaussian,0.0229,
25,TKG,ABG,gaussian,0.0139,
25,ABG,TFG,gaussian,-0.0005,
25,TFG,MRP,gaussian,0.0488,
25,ABG,TFG,gaussian,-0.0074,
25,TFG,MRP,gaussian,0.0026,
25,MRP,INP,gaussian,0.0095,
25,INP,AGL,gaussian,0.0035,
25,AGL,BTI,gaussian,0.0034,
25,BTI,ANG,gaussian,-0.0046,
25,ANG,GFI,gaussian,0.0028,
25,GFI,TRU,gaussian,-0.0159,
25,TRU,WHL,gaussian,0.0323,
25,WHL,SHP,gaussian,0.0174,
25,SHP,RLO,gaussian,0.0047,
25,RLO,WBO,gaussian,-0.0143,
25,WBO,ADH,gaussian,-0.0144,
25,ADH,MST,gaussian,0.0035,
25,MST,SPP,student,-0.0016,19.23758387047603
25,SPP,CLS,gaussian,0.0072,
25,CLS,PIK,gaussian,0.0187,
25,PIK,AFT,gaussian,0.011,
25,AFT,SEB,gaussian,-0.0076,
25,SEB,ACT,gaussian,0.0082,
25,ACT,BEL,gaussian,-0.0065,
25,BEL,EMH,gaussian,-0.0109,
25,EMH,EMN,gaussian,-0.021,
25,EMN,AME,gaussian,-0.0176,
25,AME,REM,gaussian,-0.0099,
26,AGL,BTI,gaussian,-0.0091,
26,BTI,ANG,student,0.029,22.69546806718891
26,ABG,TFG,gaussian,-0.0008,
26,TFG,MRP,gaussian,0.0173,
26,MRP,INP,gaussian,0.0194,
26,TFG,MRP,gaussian,0.0037,
26,MRP,INP,gaussian,0.0173,
26,INP,AGL,gaussian,0.011,
26,AGL,BTI,student,0.0688,17.441628421200466
26,BTI,ANG,gaussian,0.0108,
26,ANG,GFI,gaussian,0.0039,
26,GFI,TRU,gaussian,0.0022,
26,TRU,WHL,gaussian,0.0203,
26,WHL,SHP,gaussian,0.0206,
26,SHP,RLO,gaussian,-0.0177,
26,RLO,WBO,gaussian,0.0013,
26,WBO,ADH,gaussian,-0.0028,
26,ADH,MST,gaussian,-0.0021,
26,MST,SPP,student,0.0158,17.21955280719327
26,SPP,CLS,gaussian,-0.0123,
26,CLS,PIK,gaussian,-0.0072,
26,PIK,AFT,gaussian,0.0256,
26,AFT,SEB,gaussian,0.0109,
26,SEB,ACT,gaussian,0.0255,
26,ACT,BEL,gaussian,0.0142,
26,BEL,EMH,student,0.0119,17.970533593940687
26,EMH,EMN,gaussian,0.0025,
26,EMN,AME,gaussian,-0.0155,
26,AME,BVT,gaussian,0.0106,
27,BTI,ANG,gaussian,0.0125,
27,ANG,ART,student,0.0204,17.538087768551573
27,TFG,MRP,gaussian,0.0126,
27,MRP,INP,gaussian,0.0237,
27,INP,AGL,gaussian,0.0129,
27,MRP,INP,gaussian,-0.0129,
27,INP,AGL,gaussian,-0.0096,
27,AGL,BTI,gaussian,0.0053,
27,BTI,ANG,gaussian,-0.0092,
27,ANG,GFI,gaussian,0.0121,
27,GFI,TRU,gaussian,-0.0092,
27,TRU,WHL,gaussian,0.0107,
27,WHL,SHP,gaussian,0.0163,
27,SHP,RLO,gaussian,-0.0011,
27,RLO,WBO,student,0.047,9.795151892354859
27,WBO,ADH,gaussian,-0.0116,
27,ADH,MST,gaussian,-0.0049,
27,MST,SPP,gaussian,0.004,
27,SPP,CLS,gaussian,-0.0105,
27,CLS,PIK,gaussian,-0.0057,
27,PIK,AFT,gaussian,0.0195,
27,AFT,SEB,gaussian,-0.004,
27,SEB,ACT,gaussian,0.0187,
27,ACT,BEL,gaussian,-0.0029,
27,BEL,EMH,gaussian,-0.0114,
27,EMH,EMN,gaussian,0.0135,
27,EMN,AME,gaussian,0.0183,
27,AME,DSY,gaussian,0.0052,
28,ANG,ART,gaussian,0.0101,
28,ART,GND,gaussian,0.0029,
28,MRP,INP,gaussian,0.0017,
28,INP,AGL,gaussian,0.007,
28,AGL,BTI,gaussian,-0.0012,
28,INP,AGL,gaussian,-0.0149,
28,AGL,BTI,gaussian,0.0211,
28,BTI,ANG,gaussian,-0.0123,
28,ANG,GFI,student,0.0103,15.706127658431708
28,GFI,TRU,student,0.014,16.82109208789543
28,TRU,WHL,gaussian,-0.0013,
28,WHL,SHP,gaussian,0.0291,
28,SHP,RLO,gaussian,0.0083,
28,RLO,WBO,gaussian,0.0254,
28,WBO,ADH,student,0.0177,18.241538754465207
28,ADH,MST,gaussian,-0.0073,
28,MST,SPP,gaussian,-0.0,
28,SPP,CLS,gaussian,0.0117,
28,CLS,PIK,gaussian,-0.0069,
28,PIK,AFT,gaussian,0.0002,
28,AFT,SEB,gaussian,0.0096,
28,SEB,ACT,gaussian,0.001,
28,ACT,BEL,gaussian,-0.002,
28,BEL,EMH,gaussian,-0.0003,
28,EMH,EMN,gaussian,0.0079,
28,EMN,AME,gaussian,-0.0007,
28,AME,MTN,gaussian,-0.0074,
29,ART,GND,gaussian,0.0003,
29,GND,KAP,gaussian,-0.0045,
29,INP,AGL,gaussian,-0.0076,
29,AGL,BTI,gaussian,-0.0135,
29,BTI,CAT,gaussian,-0.0179,
29,AGL,BTI,gaussian,-0.0029,
29,BTI,ANG,gaussian,0.0059,
29,ANG,GFI,gaussian,-0.0133,
29,GFI,TRU,gaussian,-0.0073,
29,TRU,WHL,gaussian,0.0162,
29,WHL,SHP,gaussian,0.0137,
29,SHP,RLO,gaussian,0.0158,
29,RLO,WBO,gaussian,0.0412,
29,WBO,ADH,gaussian,-0.0013,
29,ADH,MST,gaussian,0.0217,
29,MST,SPP,gaussian,-0.007,
29,SPP,CLS,gaussian,0.0021,
29,CLS,PIK,gaussian,0.029,
29,PIK,AFT,gaussian,0.0145,
29,AFT,SEB,gaussian,0.0118,
29,SEB,ACT,gaussian,-0.0076,
29,ACT,BEL,gaussian,-0.0062,
29,BEL,EMH,gaussian,0.0188,
29,EMH,EMN,student,-0.0109,20.99657150771357
29,EMN,AME,gaussian,0.0219,
29,AME,HDC,gaussian,0.0088,
30,GND,KAP,gaussian,0.0037,
30,KAP,CAT,gaussian,0.011,
30,AGL,BTI,gaussian,0.0198,
30,BTI,CAT,gaussian,-0.0053,
30,CAT,ISA,gaussian,-0.0016,
30,BTI,ANG,gaussian,-0.0016,
30,ANG,GFI,gaussian,-0.0022,
30,GFI,TRU,gaussian,-0.0011,
30,TRU,WHL,gaussian,0.0004,
30,WHL,SHP,gaussian,0.0044,
30,SHP,RLO,gaussian,0.0097,
30,RLO,WBO,student,0.0369,21.34514296955387
30,WBO,ADH,gaussian,0.0449,
30,ADH,MST,gaussian,-0.0048,
30,MST,SPP,gaussian,0.0177,
30,SPP,CLS,student,0.0001,21.47549885117105
30,CLS,PIK,gaussian,0.0017,
30,PIK,AFT,gaussian,-0.0053,
30,AFT,SEB,gaussian,0.0233,
30,SEB,ACT,gaussian,0.0019,
30,ACT,BEL,gaussian,0.0039,
30,BEL,EMH,gaussian,-0.0146,
30,EMH,EMN,gaussian,-0.0038,
30,EMN,AME,gaussian,0.0205,
30,AME,VOD,gaussian,0.011,
31,KAP,CAT,gaussian,0.0184,
31,CAT,ISA,gaussian,-0.0058,
31,BTI,CAT,gaussian,0.0136,
31,CAT,ISA,gaussian,0.0053,
31,ISA,ANG,gaussian,-0.0069,
31,ANG,GFI,gaussian,-0.009,
31,GFI,TRU,gaussian,-0.0006,
31,TRU,WHL,gaussian,0.017,
31,WHL,SHP,gaussian,0.0001,
31,SHP,RLO,gaussian,0.0138,
31,RLO,WBO,student,0.0232,14.765636378398343
31,WBO,ADH,gaussian,0.023,
31,ADH,MST,gaussian,0.0318,
31,MST,SPP,gaussian,-0.0066,
31,SPP,CLS,gaussian,0.008,
31,CLS,PIK,gaussian,0.0092,
31,PIK,AFT,gaussian,-0.0021,
31,AFT,SEB,gaussian,-0.0061,
31,SEB,ACT,gaussian,0.012,
31,ACT,BEL,gaussian,-0.0137,
31,BEL,EMH,student,0.0059,21.911321523690376
31,EMH,EMN,gaussian,0.0132,
31,EMN,AME,gaussian,0.0055,
31,AME,TKG,gaussian,0.0107,
32,CAT,ISA,gaussian,0.0089,
32,ISA,CPI,gaussian,0.0073,
32,CAT,ISA,gaussian,0.0028,
32,ISA,ANG,gaussian,0.0021,
32,ANG,GFI,gaussian,-0.0013,
32,GFI,TRU,gaussian,-0.0047,
32,TRU,WHL,gaussian,-0.0169,
32,WHL,SHP,gaussian,0.0002,
32,SHP,RLO,student,-0.0032,23.80080764484665
32,RLO,WBO,student,0.0262,19.749785676830044
32,WBO,ADH,student,0.0107,17.180859262339077
32,ADH,MST,gaussian,0.0015,
32,MST,SPP,student,0.0259,16.914601332693
32,SPP,CLS,gaussian,0.0375,
32,CLS,PIK,student,0.0092,15.524651243129794
32,PIK,AFT,gaussian,-0.0063,
32,AFT,SEB,student,0.0065,20.171326748420977
32,SEB,ACT,gaussian,0.0161,
32,ACT,BEL,gaussian,0.0117,
32,BEL,EMH,gaussian,0.0012,
32,EMH,EMN,gaussian,-0.0001,
32,EMN,AME,gaussian,0.0049,
32,AME,NPN,gaussian,0.0051,
33,ISA,CPI,gaussian,-0.0107,
33,CPI,SNT,gaussian,-0.005,
33,ISA,ANG,gaussian,-0.0081,
33,ANG,GFI,gaussian,-0.0166,
33,GFI,TRU,gaussian,-0.0004,
33,TRU,WHL,gaussian,0.0113,
33,WHL,SHP,gaussian,-0.0073,
33,SHP,RLO,gaussian,-0.0119,
33,RLO,WBO,gaussian,0.0468,
33,WBO,ADH,gaussian,0.0228,
33,ADH,MST,gaussian,0.0059,
33,MST,SPP,gaussian,-0.0042,
33,SPP,CLS,gaussian,-0.0015,
33,CLS,PIK,gaussian,0.0031,
33,PIK,AFT,gaussian,0.0111,
33,AFT,SEB,gaussian,-0.0122,
33,SEB,ACT,gaussian,0.0014,
33,ACT,BEL,gaussian,0.0067,
33,BEL,EMH,gaussian,0.0091,
33,EMH,EMN,gaussian,0.0134,
33,EMN,AME,gaussian,-0.018,
33,AME,OUT,gaussian,0.0081,
34,CPI,SNT,gaussian,0.0404,
34,SNT,IVT,gaussian,-0.0113,
34,ANG,GFI,gaussian,-0.0044,
34,GFI,TRU,gaussian,0.0039,
34,TRU,WHL,gaussian,0.015,
34,WHL,SHP,gaussian,0.0017,
34,SHP,RLO,gaussian,0.0073,
34,RLO,WBO,gaussian,0.0341,
34,WBO,ADH,gaussian,0.0397,
34,ADH,MST,gaussian,0.0024,
34,MST,SPP,gaussian,0.0145,
34,SPP,CLS,gaussian,0.0565,
34,CLS,PIK,gaussian,-0.0023,
34,PIK,AFT,gaussian,-0.004,
34,AFT,SEB,gaussian,0.0082,
34,SEB,ACT,gaussian,0.02,
34,ACT,BEL,gaussian,-0.0026,
34,BEL,EMH,gaussian,0.0033,
34,EMH,EMN,gaussian,-0.0128,
34,EMN,AME,gaussian,0.0045,
34,AME,PPC,student,-0.0035,24.637594325762976
35,SNT,IVT,gaussian,0.0214,
35,IVT,GFI,gaussian,0.0127,
35,GFI,TRU,gaussian,-0.0114,
35,TRU,WHL,gaussian,-0.0023,
35,WHL,SHP,gaussian,-0.0131,
35,SHP,RLO,gaussian,0.0051,
35,RLO,WBO,gaussian,0.0107,
35,WBO,ADH,gaussian,0.0257,
35,ADH,MST,gaussian,0.0199,
35,MST,SPP,gaussian,-0.0019,
35,SPP,CLS,gaussian,-0.0078,
35,CLS,PIK,gaussian,0.034,
35,PIK,AFT,gaussian,0.0236,
35,AFT,SEB,gaussian,0.0019,
35,SEB,ACT,gaussian,0.004,
35,ACT,BEL,gaussian,0.01,
35,BEL,EMH,student,0.0142,18.603778824636997
35,EMH,EMN,gaussian,-0.0028,
35,EMN,AME,student,0.0041,17.865810382274585
35,AME,INP,gaussian,-0.0171,
36,IVT,GFI,gaussian,0.0085,
36,GFI,TRU,gaussian,-0.0062,
36,TRU,WHL,gaussian,-0.0156,
36,WHL,SHP,gaussian,0.0242,
36,SHP,RLO,student,-0.0026,23.65467497928773
36,RLO,WBO,gaussian,-0.0111,
36,WBO,ADH,gaussian,0.0085,
36,ADH,MST,gaussian,0.0228,
36,MST,SPP,gaussian,0.0069,
36,SPP,CLS,gaussian,0.0177,
36,CLS,PIK,gaussian,-0.0155,
36,PIK,AFT,gaussian,0.0449,
36,AFT,SEB,student,0.0183,14.69484314982185
36,SEB,ACT,gaussian,0.0127,
36,ACT,BEL,gaussian,0.0014,
36,BEL,EMH,gaussian,0.0009,
36,EMH,EMN,gaussian,-0.0031,
36,EMN,AME,gaussian,0.0154,
36,AME,AGL,gaussian,0.0077,
37,GFI,TRU,gaussian,0.0186,
37,TRU,WHL,gaussian,0.0298,
37,WHL,SHP,gaussian,-0.009,
37,SHP,RLO,student,0.0215,21.959319345014983
37,RLO,WBO,gaussian,0.0064,
37,WBO,ADH,gaussian,0.0036,
37,ADH,MST,gaussian,0.0058,
37,MST,SPP,gaussian,0.0067,
37,SPP,CLS,gaussian,0.0103,
37,CLS,PIK,gaussian,0.0106,
37,PIK,AFT,student,0.0107,17.415806585416075
37,AFT,SEB,gaussian,0.0137,
37,SEB,ACT,gaussian,0.0146,
37,ACT,BEL,gaussian,0.0155,
37,BEL,EMH,gaussian,0.0028,
37,EMH,EMN,gaussian,-0.0037,
37,EMN,AME,gaussian,0.0106,
37,AME,BTI,gaussian,-0.0018,
38,TRU,WHL,gaussian,-0.0101,
38,WHL,SHP,gaussian,0.0075,
38,SHP,RLO,gaussian,0.004,
38,RLO,WBO,student,0.0179,19.455843721296457
38,WBO,ADH,gaussian,0.002,
38,ADH,MST,gaussian,0.0111,
38,MST,SPP,gaussian,0.0297,
38,SPP,CLS,gaussian,-0.0057,
38,CLS,PIK,student,0.004,19.2998602972079
38,PIK,AFT,gaussian,0.0103,
38,AFT,SEB,gaussian,0.0019,
38,SEB,ACT,gaussian,0.0063,
38,ACT,BEL,gaussian,0.0061,
38,BEL,EMH,gaussian,-0.009,
38,EMH,EMN,gaussian,-0.0057,
38,EMN,AME,gaussian,0.0069,
38,AME,ANG,gaussian,-0.0204,
39,WHL,SHP,gaussian,0.0174,
39,SHP,RLO,gaussian,0.0362,
39,RLO,WBO,gaussian,0.013,
39,WBO,ADH,gaussian,0.0181,
39,ADH,MST,gaussian,0.0162,
39,MST,SPP,gaussian,-0.0013,
39,SPP,CLS,gaussian,-0.011,
39,CLS,PIK,gaussian,0.0021,
39,PIK,AFT,gaussian,0.0135,
39,AFT,SEB,gaussian,0.0039,
39,SEB,ACT,gaussian,0.0105,
39,ACT,BEL,gaussian,-0.0101,
39,BEL,EMH,gaussian,0.0032,
39,EMH,EMN,gaussian,0.0044,
39,EMN,AME,gaussian,0.0063,
39,AME,GFI,gaussian,0.0251,
40,SHP,RLO,gaussian,0.0305,
40,RLO,WBO,student,0.0226,21.42331029748654
40,WBO,ADH,gaussian,0.0135,
40,ADH,MST,gaussian,0.0109,
40,MST,SPP,gaussian,0.0165,
40,SPP,CLS,gaussian,0.0079,
40,CLS,PIK,gaussian,0.0238,
40,PIK,AFT,student,0.0339,17.568997695466685
40,AFT,SEB,student,0.01,20.075957242839717
40,SEB,ACT,gaussian,0.0003,
40,ACT,BEL,gaussian,0.0045,
40,BEL,EMH,gaussian,-0.002,
40,EMH,EMN,gaussian,-0.0055,
40,EMN,AME,gaussian,0.023,
40,AME,DTC,gaussian,0.0008,
41,RLO,WBO,gaussian,0.0137,
41,WBO,ADH,gaussian,0.0107,
41,ADH,MST,gaussian,0.0162,
41,MST,SPP,gaussian,-0.0127,
41,SPP,CLS,gaussian,0.0076,
41,CLS,PIK,gaussian,-0.0181,
41,PIK,AFT,gaussian,0.006,
41,AFT,SEB,gaussian,0.0156,
41,SEB,ACT,gaussian,0.0141,
41,ACT,BEL,gaussian,0.0228,
41,BEL,EMH,gaussian,0.0081,
41,EMH,EMN,gaussian,-0.0049,
41,EMN,AME,gaussian,0.006,
41,AME,MTM,gaussian,0.0011,
42,WBO,ADH,gaussian,-0.0032,
42,ADH,MST,gaussian,0.0097,
42,MST,SPP,gaussian,0.0225,
42,SPP,CLS,gaussian,0.0043,
42,CLS,PIK,student,0.0171,18.237363663412392
42,PIK,AFT,gaussian,0.0041,
42,AFT,SEB,gaussian,0.0207,
42,SEB,ACT,gaussian,0.0157,
42,ACT,BEL,gaussian,-0.0045,
42,BEL,EMH,gaussian,-0.0071,
42,EMH,EMN,gaussian,-0.0074,
42,EMN,AME,gaussian,0.016,
42,AME,SPG,gaussian,0.0269,
43,ADH,MST,gaussian,-0.0038,
43,MST,SPP,gaussian,-0.0036,
43,SPP,CLS,gaussian,0.0064,
43,CLS,PIK,gaussian,0.0291,
43,PIK,AFT,gaussian,-0.0009,
43,AFT,SEB,gaussian,0.0078,
43,SEB,ACT,gaussian,0.0166,
43,ACT,BEL,gaussian,0.0085,
43,BEL,EMH,gaussian,0.007,
43,EMH,EMN,gaussian,0.0187,
43,EMN,AME,gaussian,-0.0015,
43,AME,NTC,gaussian,-0.0033,
44,MST,SPP,gaussian,-0.0179,
44,SPP,CLS,gaussian,0.0229,
44,CLS,PIK,student,-0.018,20.234634596943295
44,PIK,AFT,gaussian,0.0018,
44,AFT,SEB,gaussian,0.0195,
44,SEB,ACT,gaussian,-0.0041,
44,ACT,BEL,student,0.0018,19.662199323393736
44,BEL,EMH,gaussian,-0.0071,
44,EMH,EMN,gaussian,-0.0012,
44,EMN,AME,gaussian,0.0155,
44,AME,NPK,student,0.0084,22.997481917636982
45,SPP,CLS,gaussian,0.0252,
45,CLS,PIK,gaussian,0.0204,
45,PIK,AFT,gaussian,-0.0174,
45,AFT,SEB,gaussian,0.0105,
45,SEB,ACT,gaussian,-0.0078,
45,ACT,BEL,gaussian,0.0225,
45,BEL,EMH,gaussian,0.0166,
45,EMH,EMN,gaussian,0.0346,
45,EMN,AME,gaussian,-0.0051,
45,AME,ART,gaussian,-0.0022,
46,CLS,PIK,gaussian,-0.0076,
46,PIK,AFT,gaussian,0.0062,
46,AFT,SEB,student,0.0138,16.49562560670068
46,SEB,ACT,gaussian,0.0093,
46,ACT,BEL,gaussian,-0.009,
46,BEL,EMH,gaussian,0.0028,
46,EMH,EMN,gaussian,0.0062,
46,EMN,AME,gaussian,-0.0083,
46,AME,GND,gaussian,-0.0162,
47,PIK,AFT,gaussian,-0.0041,
47,AFT,SEB,gaussian,0.008,
47,SEB,ACT,gaussian,0.0258,
47,ACT,BEL,gaussian,0.0195,
47,BEL,EMH,gaussian,0.0099,
47,EMH,EMN,gaussian,0.0268,
47,EMN,AME,gaussian,0.0106,
47,AME,KAP,gaussian,-0.006,
48,AFT,SEB,gaussian,-0.0102,
48,SEB,ACT,gaussian,0.0145,
48,ACT,BEL,gaussian,0.0023,
48,BEL,EMH,gaussian,-0.013,
48,EMH,EMN,gaussian,-0.0009,
48,EMN,AME,gaussian,-0.0056,
48,AME,CAT,gaussian,-0.0056,
49,SEB,ACT,gaussian,-0.0077,
49,ACT,BEL,gaussian,0.0026,
49,BEL,EMH,gaussian,0.0001,
49,EMH,EMN,gaussian,0.0141,
49,EMN,AME,gaussian,-0.0098,
49,AME,ISA,student,0.0073,22.666556518763375
50,ACT,BEL,gaussian,0.0235,
50,BEL,EMH,gaussian,-0.0044,
50,EMH,EMN,gaussian,0.0051,
50,EMN,AME,gaussian,0.0095,
50,AME,CPI,gaussian,-0.0021,
51,BEL,EMH,gaussian,-0.0048,
51,EMH,EMN,gaussian,0.0237,
51,EMN,AME,gaussian,-0.0016,
51,AME,SNT,gaussian,0.0213,
52,EMH,EMN,gaussian,-0.0011,
52,EMN,AME,gaussian,-0.0028,
52,AME,IVT,gaussian,0.012,
53,EMN,AME,gaussian,-0.0082,
53,AME,APN,gaussian,-0.0028,
54,AME,LHC,gaussian,0.0034,
